{"Mean":{"confidence_interval":{"confidence_level":0.95,"lower_bound":1416689.804792077,"upper_bound":1430462.5111722082},"point_estimate":1423710.7068801313,"standard_error":3502.4121756736154},"Median":{"confidence_interval":{"confidence_level":0.95,"lower_bound":1415506.7327586208,"upper_bound":1432520.5172413792},"point_estimate":1424836.0361247947,"standard_error":4354.157825805523},"MedianAbsDev":{"confidence_interval":{"confidence_level":0.95,"lower_bound":2548.7065142342544,"upper_bound":19833.03764599657},"point_estimate":11724.94135132347,"standard_error":4254.59012942527},"Slope":{"confidence_interval":{"confidence_level":0.95,"lower_bound":1419244.0094259134,"upper_bound":1435654.7238178113},"point_estimate":1427699.4497984773,"standard_error":4396.467017046866},"StdDev":{"confidence_interval":{"confidence_level":0.95,"lower_bound":6062.132661098936,"upper_bound":15267.453889970071},"point_estimate":11692.173093270054,"standard_error":2392.923587722703}}