{"Mean":{"confidence_interval":{"confidence_level":0.95,"lower_bound":62594041.99562499,"upper_bound":62843907.37039683},"point_estimate":62719055.331289686,"standard_error":64044.006393816344},"Median":{"confidence_interval":{"confidence_level":0.95,"lower_bound":62524937.925,"upper_bound":62906705.2},"point_estimate":62722682.73263889,"standard_error":105216.2790779784},"MedianAbsDev":{"confidence_interval":{"confidence_level":0.95,"lower_bound":59910.3823363781,"upper_bound":355704.6443849802},"point_estimate":254991.34400799908,"standard_error":73811.27790345742},"Slope":{"confidence_interval":{"confidence_level":0.95,"lower_bound":62602217.20430995,"upper_bound":62850452.85714286},"point_estimate":62713365.866233766,"standard_error":63360.187137501016},"StdDev":{"confidence_interval":{"confidence_level":0.95,"lower_bound":133034.7176534487,"upper_bound":258062.746819463},"point_estimate":213261.81178560402,"standard_error":32032.02923038139}}