{"Mean":{"confidence_interval":{"confidence_level":0.95,"lower_bound":1289941.2128902117,"upper_bound":1298619.8204232804},"point_estimate":1294466.064775132,"standard_error":2221.2265510698703},"Median":{"confidence_interval":{"confidence_level":0.95,"lower_bound":1288193.767857143,"upper_bound":1300479.6357142858},"point_estimate":1296121.9411375662,"standard_error":3061.6709956046534},"MedianAbsDev":{"confidence_interval":{"confidence_level":0.95,"lower_bound":2114.0622474679403,"upper_bound":11851.856142365257},"point_estimate":7456.754217616133,"standard_error":2733.479747068809},"Slope":{"confidence_interval":{"confidence_level":0.95,"lower_bound":1294767.6485986696,"upper_bound":1300353.6656438336},"point_estimate":1298050.106060606,"standard_error":1406.024926959997},"StdDev":{"confidence_interval":{"confidence_level":0.95,"lower_bound":3975.202917145475,"upper_bound":9481.986615173451},"point_estimate":7434.479017918083,"standard_error":1430.8311674807321}}