{"Mean":{"confidence_interval":{"confidence_level":0.95,"lower_bound":1345826.89511703,"upper_bound":1357559.4333537295},"point_estimate":1351969.3096011567,"standard_error":3022.30052958426},"Median":{"confidence_interval":{"confidence_level":0.95,"lower_bound":1341427.2542372881,"upper_bound":1358259.027118644},"point_estimate":1355945.040920097,"standard_error":4107.63078365105},"MedianAbsDev":{"confidence_interval":{"confidence_level":0.95,"lower_bound":561.580869351741,"upper_bound":15721.14789038546},"point_estimate":4626.095750525576,"standard_error":4250.578940910635},"Slope":{"confidence_interval":{"confidence_level":0.95,"lower_bound":1351036.2413587107,"upper_bound":1357883.4548184127},"point_estimate":1355655.422496148,"standard_error":1781.2879966701244},"StdDev":{"confidence_interval":{"confidence_level":0.95,"lower_bound":4131.825904062641,"upper_bound":12195.833616245638},"point_estimate":10053.332891463582,"standard_error":1862.73513181633}}