{"Mean":{"confidence_interval":{"confidence_level":0.95,"lower_bound":2690126.571455939,"upper_bound":2734795.7634860426},"point_estimate":2710934.3239189927,"standard_error":11368.305483507138},"Median":{"confidence_interval":{"confidence_level":0.95,"lower_bound":2677142.4482758623,"upper_bound":2725103.872413793},"point_estimate":2713589.4080459774,"standard_error":11131.985248695779},"MedianAbsDev":{"confidence_interval":{"confidence_level":0.95,"lower_bound":3152.1728454171302,"upper_bound":66468.6487130486},"point_estimate":17146.554706736737,"standard_error":16876.897105209915},"Slope":{"confidence_interval":{"confidence_level":0.95,"lower_bound":2704397.66638768,"upper_bound":2721790.5769551955},"point_estimate":2716161.817107031,"standard_error":4509.669954463368},"StdDev":{"confidence_interval":{"confidence_level":0.95,"lower_bound":16911.5911941275,"upper_bound":52558.39882699765},"point_estimate":37908.296964811176,"standard_error":10095.240277548042}}