{"Mean":{"confidence_interval":{"confidence_level":0.95,"lower_bound":3187234.409921245,"upper_bound":3337364.056496641},"point_estimate":3265175.4017002443,"standard_error":37181.530143023134},"Median":{"confidence_interval":{"confidence_level":0.95,"lower_bound":3135620.1923076925,"upper_bound":3346650.019230769},"point_estimate":3339823.090598291,"standard_error":56077.29192841188},"MedianAbsDev":{"confidence_interval":{"confidence_level":0.95,"lower_bound":2600.405816525831,"upper_bound":177206.1495264614},"point_estimate":14785.054000333017,"standard_error":50120.80185676379},"Slope":{"confidence_interval":{"confidence_level":0.95,"lower_bound":3303722.750730282,"upper_bound":3345323.4349453025},"point_estimate":3334343.1153846155,"standard_error":11347.90684491209},"StdDev":{"confidence_interval":{"confidence_level":0.95,"lower_bound":12529.174322348248,"upper_bound":144840.87033643143},"point_estimate":124570.60302160439,"standard_error":26296.605093998234}}