{"Mean":{"confidence_interval":{"confidence_level":0.95,"lower_bound":1200413.8709589946,"upper_bound":1206764.939021164},"point_estimate":1203480.5004651675,"standard_error":1625.7348249592576},"Median":{"confidence_interval":{"confidence_level":0.95,"lower_bound":1200369.9849537038,"upper_bound":1207123.2222222222},"point_estimate":1202062.0499999998,"standard_error":1773.2388285619825},"MedianAbsDev":{"confidence_interval":{"confidence_level":0.95,"lower_bound":155.43504909228122,"upper_bound":9049.405861563224},"point_estimate":2607.3142702846826,"standard_error":2533.5436791855445},"Slope":{"confidence_interval":{"confidence_level":0.95,"lower_bound":1200624.6056332013,"upper_bound":1209627.2975172976},"point_estimate":1205909.4335738337,"standard_error":2263.9071664971757},"StdDev":{"confidence_interval":{"confidence_level":0.95,"lower_bound":2406.5335236262035,"upper_bound":6975.462637248772},"point_estimate":5419.3182441854215,"standard_error":1118.2008222707127}}