{"Mean":{"confidence_interval":{"confidence_level":0.95,"lower_bound":62613660.003809534,"upper_bound":62863597.507973224},"point_estimate":62736368.89964286,"standard_error":63622.41497269934},"Median":{"confidence_interval":{"confidence_level":0.95,"lower_bound":62605709.2,"upper_bound":62878228.952380955},"point_estimate":62686937.0625,"standard_error":84807.00684246786},"MedianAbsDev":{"confidence_interval":{"confidence_level":0.95,"lower_bound":15554.874123846308,"upper_bound":373590.9157924354},"point_estimate":196204.67361167146,"standard_error":94976.85410067237},"Slope":{"confidence_interval":{"confidence_level":0.95,"lower_bound":62621319.372340426,"upper_bound":62816742.60048426},"point_estimate":62718742.78701299,"standard_error":50432.82480012198},"StdDev":{"confidence_interval":{"confidence_level":0.95,"lower_bound":105317.91553133128,"upper_bound":281596.2591575315},"point_estimate":212112.75550836092,"standard_error":46780.6437523185}}