{"Mean":{"confidence_interval":{"confidence_level":0.95,"lower_bound":729467.864394483,"upper_bound":749641.1884740595},"point_estimate":737261.2055728249,"standard_error":5589.152494716577},"Median":{"confidence_interval":{"confidence_level":0.95,"lower_bound":729703.523919753,"upper_bound":738186.6534391535},"point_estimate":730904.5011574074,"standard_error":2455.1343620432494},"MedianAbsDev":{"confidence_interval":{"confidence_level":0.95,"lower_bound":344.4450388848091,"upper_bound":11636.905523125877},"point_estimate":2145.1176752267634,"standard_error":3611.6347480038557},"Slope":{"confidence_interval":{"confidence_level":0.95,"lower_bound":731122.7692537004,"upper_bound":769157.6121980676},"point_estimate":748530.8473544974,"standard_error":11151.356598874077},"StdDev":{"confidence_interval":{"confidence_level":0.95,"lower_bound":2719.5587781736854,"upper_bound":28447.626764280925},"point_estimate":18628.335142728534,"standard_error":8608.550121131262}}