{"Mean":{"confidence_interval":{"confidence_level":0.95,"lower_bound":61489237.60603174,"upper_bound":61924380.26902976},"point_estimate":61709888.94412698,"standard_error":110441.26508302204},"Median":{"confidence_interval":{"confidence_level":0.95,"lower_bound":61564052.003968254,"upper_bound":61902048.5},"point_estimate":61684091.29166667,"standard_error":86225.79513975157},"MedianAbsDev":{"confidence_interval":{"confidence_level":0.95,"lower_bound":24690.13272166657,"upper_bound":580798.309748771},"point_estimate":231200.87589536552,"standard_error":128466.46824743402},"Slope":{"confidence_interval":{"confidence_level":0.95,"lower_bound":61529792.65759434,"upper_bound":61733629.22390105},"point_estimate":61637470.35194805,"standard_error":50912.76192402222},"StdDev":{"confidence_interval":{"confidence_level":0.95,"lower_bound":117172.89820414403,"upper_bound":513554.6574663427},"point_estimate":368921.52101236227,"standard_error":104253.18068999673}}