{"Mean":{"confidence_interval":{"confidence_level":0.95,"lower_bound":5060264.022589286,"upper_bound":5119010.435408296},"point_estimate":5089704.335870535,"standard_error":15129.249823757422},"Median":{"confidence_interval":{"confidence_level":0.95,"lower_bound":5061378.869791666,"upper_bound":5105046.607142857},"point_estimate":5092976.790364584,"standard_error":9019.414925546871},"MedianAbsDev":{"confidence_interval":{"confidence_level":0.95,"lower_bound":755.5063061197126,"upper_bound":86467.40919192815},"point_estimate":15153.344573474178,"standard_error":22387.949899167474},"Slope":{"confidence_interval":{"confidence_level":0.95,"lower_bound":5064023.6313266875,"upper_bound":5095687.977911323},"point_estimate":5084399.709902598,"standard_error":8153.582115997505},"StdDev":{"confidence_interval":{"confidence_level":0.95,"lower_bound":9257.919839080498,"upper_bound":71209.43608231818},"point_estimate":50421.804668928926,"standard_error":13778.614717633787}}