{"Mean":{"confidence_interval":{"confidence_level":0.95,"lower_bound":248558.52657728645,"upper_bound":260876.0457510299},"point_estimate":255377.853069161,"standard_error":3156.619566157835},"Median":{"confidence_interval":{"confidence_level":0.95,"lower_bound":248326.71904761906,"upper_bound":261902.03537414965},"point_estimate":260144.66783068783,"standard_error":3347.2514180205176},"MedianAbsDev":{"confidence_interval":{"confidence_level":0.95,"lower_bound":290.60850555495426,"upper_bound":14130.872149126888},"point_estimate":2686.3936716085673,"standard_error":3471.967628600457},"Slope":{"confidence_interval":{"confidence_level":0.95,"lower_bound":259195.48548007474,"upper_bound":262304.56210637465},"point_estimate":261305.67750154607,"standard_error":809.2964805017431},"StdDev":{"confidence_interval":{"confidence_level":0.95,"lower_bound":1914.2750737268266,"upper_bound":13269.838960047988},"point_estimate":10490.853271322312,"standard_error":2881.8028594538387}}