{"Mean":{"confidence_interval":{"confidence_level":0.95,"lower_bound":516228.69926267286,"upper_bound":532692.5324257872},"point_estimate":524594.9247555044,"standard_error":4232.31421074777},"Median":{"confidence_interval":{"confidence_level":0.95,"lower_bound":511830.91612903227,"upper_bound":537741.8262096774},"point_estimate":523704.8012544803,"standard_error":7326.501242965915},"MedianAbsDev":{"confidence_interval":{"confidence_level":0.95,"lower_bound":2218.502818355641,"upper_bound":23653.73954328803},"point_estimate":19096.902697279293,"standard_error":5897.75488194665},"Slope":{"confidence_interval":{"confidence_level":0.95,"lower_bound":522723.21894950175,"upper_bound":536708.8155588822},"point_estimate":531494.9873481357,"standard_error":3577.8468233479257},"StdDev":{"confidence_interval":{"confidence_level":0.95,"lower_bound":8822.726227792919,"upper_bound":16914.066663662506},"point_estimate":14153.927136086118,"standard_error":2079.606247350721}}