{"Mean":{"confidence_interval":{"confidence_level":0.95,"lower_bound":62634405.25380953,"upper_bound":62854307.47103572},"point_estimate":62751581.31380953,"standard_error":56270.853415304635},"Median":{"confidence_interval":{"confidence_level":0.95,"lower_bound":62678298.25,"upper_bound":62945621.8},"point_estimate":62745078.03571428,"standard_error":63001.43031454147},"MedianAbsDev":{"confidence_interval":{"confidence_level":0.95,"lower_bound":19482.528554118344,"upper_bound":336151.71351210494},"point_estimate":107183.50609710923,"standard_error":79043.92473241508},"Slope":{"confidence_interval":{"confidence_level":0.95,"lower_bound":62496269.65842896,"upper_bound":62907705.094017096},"point_estimate":62697589.50909091,"standard_error":111083.31490735032},"StdDev":{"confidence_interval":{"confidence_level":0.95,"lower_bound":87235.25933166294,"upper_bound":258447.95647528273},"point_estimate":188104.44109598314,"standard_error":48559.041119727364}}