{"Mean":{"confidence_interval":{"confidence_level":0.95,"lower_bound":61853799.59577977,"upper_bound":62040095.53686508},"point_estimate":61947750.360436514,"standard_error":47791.473964458775},"Median":{"confidence_interval":{"confidence_level":0.95,"lower_bound":61824546.0,"upper_bound":62090604.52857143},"point_estimate":61928947.50694445,"standard_error":95224.85524315281},"MedianAbsDev":{"confidence_interval":{"confidence_level":0.95,"lower_bound":12629.273715784151,"upper_bound":239749.92387692258},"point_estimate":191308.48603859582,"standard_error":70535.05882446302},"Slope":{"confidence_interval":{"confidence_level":0.95,"lower_bound":61862255.34607646,"upper_bound":62034663.42553192},"point_estimate":61936963.319480516,"standard_error":43936.800160496234},"StdDev":{"confidence_interval":{"confidence_level":0.95,"lower_bound":105034.17767840128,"upper_bound":191029.63409409535},"point_estimate":159038.65005799726,"standard_error":22595.97696693151}}