{"Mean":{"confidence_interval":{"confidence_level":0.95,"lower_bound":61728580.960147314,"upper_bound":61937511.69306845},"point_estimate":61833192.78121032,"standard_error":52990.84261026431},"Median":{"confidence_interval":{"confidence_level":0.95,"lower_bound":61712584.2,"upper_bound":61994626.8125},"point_estimate":61830737.14285714,"standard_error":83834.58197076389},"MedianAbsDev":{"confidence_interval":{"confidence_level":0.95,"lower_bound":12370.591790380304,"upper_bound":286766.14350847004},"point_estimate":157755.51143302603,"standard_error":79614.77659960343},"Slope":{"confidence_interval":{"confidence_level":0.95,"lower_bound":61637988.532790855,"upper_bound":61848091.155051485},"point_estimate":61723492.45584416,"standard_error":53137.19866119383},"StdDev":{"confidence_interval":{"confidence_level":0.95,"lower_bound":101593.59375486389,"upper_bound":221624.5542725249},"point_estimate":176012.6019356041,"standard_error":30480.206817085957}}