{"Mean":{"confidence_interval":{"confidence_level":0.95,"lower_bound":1426229.88773399,"upper_bound":1436732.16092433},"point_estimate":1431691.6141351943,"standard_error":2682.578842369474},"Median":{"confidence_interval":{"confidence_level":0.95,"lower_bound":1426648.7034482758,"upper_bound":1437822.2224958949},"point_estimate":1431920.5086206896,"standard_error":3132.4005044022283},"MedianAbsDev":{"confidence_interval":{"confidence_level":0.95,"lower_bound":1629.9178262352514,"upper_bound":15085.50244804103},"point_estimate":8208.148908759113,"standard_error":3288.8367786289873},"Slope":{"confidence_interval":{"confidence_level":0.95,"lower_bound":1429986.9537405744,"upper_bound":1440526.7303899194},"point_estimate":1435582.3707120465,"standard_error":2742.899379462929},"StdDev":{"confidence_interval":{"confidence_level":0.95,"lower_bound":4374.416096961285,"upper_bound":11745.583292886391},"point_estimate":8900.799630008572,"standard_error":1927.1057715971533}}