{"Mean":{"confidence_interval":{"confidence_level":0.95,"lower_bound":1736991.4217779501,"upper_bound":1827376.617258519},"point_estimate":1783157.9920436505,"standard_error":22133.228421831085},"Median":{"confidence_interval":{"confidence_level":0.95,"lower_bound":1676821.7282608696,"upper_bound":1831720.652173913},"point_estimate":1824691.3409247757,"standard_error":37720.96777074589},"MedianAbsDev":{"confidence_interval":{"confidence_level":0.95,"lower_bound":516.3995980783504,"upper_bound":111240.5016435647},"point_estimate":10736.183408398392,"standard_error":31500.508414323016},"Slope":{"confidence_interval":{"confidence_level":0.95,"lower_bound":1807063.4215085404,"upper_bound":1829411.2286067822},"point_estimate":1823208.3174477697,"standard_error":6060.451402809668},"StdDev":{"confidence_interval":{"confidence_level":0.95,"lower_bound":5192.074455745589,"upper_bound":81508.88376037196},"point_estimate":74018.61196304644,"standard_error":14729.322920914545}}