{"Mean":{"confidence_interval":{"confidence_level":0.95,"lower_bound":62316552.11637501,"upper_bound":62511087.131071426},"point_estimate":62409485.58119048,"standard_error":49812.80851544068},"Median":{"confidence_interval":{"confidence_level":0.95,"lower_bound":62311280.675,"upper_bound":62574439.0},"point_estimate":62353261.04166667,"standard_error":64918.46136983778},"MedianAbsDev":{"confidence_interval":{"confidence_level":0.95,"lower_bound":20025.95968946704,"upper_bound":284496.4178241826},"point_estimate":93327.07379311323,"standard_error":74754.24326771173},"Slope":{"confidence_interval":{"confidence_level":0.95,"lower_bound":62278185.65777123,"upper_bound":62535025.05911435},"point_estimate":62401940.87012987,"standard_error":65280.5159280236},"StdDev":{"confidence_interval":{"confidence_level":0.95,"lower_bound":81159.86989250545,"upper_bound":211968.55824625408},"point_estimate":165753.57081524786,"standard_error":33275.79498581914}}