{"Mean":{"confidence_interval":{"confidence_level":0.95,"lower_bound":1086649.5148711756,"upper_bound":1090781.726939412},"point_estimate":1088622.130889119,"standard_error":1064.3603544481643},"Median":{"confidence_interval":{"confidence_level":0.95,"lower_bound":1085625.2318840579,"upper_bound":1091399.0310559007},"point_estimate":1088230.0768115942,"standard_error":1241.4888810829434},"MedianAbsDev":{"confidence_interval":{"confidence_level":0.95,"lower_bound":701.339500785567,"upper_bound":6415.788315444884},"point_estimate":3183.0642532720244,"standard_error":1502.3319851907002},"Slope":{"confidence_interval":{"confidence_level":0.95,"lower_bound":1086405.090428744,"upper_bound":1091394.797527471},"point_estimate":1088588.691134952,"standard_error":1258.2935281472364},"StdDev":{"confidence_interval":{"confidence_level":0.95,"lower_bound":1777.1974436823639,"upper_bound":4506.9144998809825},"point_estimate":3550.7277060944166,"standard_error":708.9434416768191}}