{"Mean":{"confidence_interval":{"confidence_level":0.95,"lower_bound":62641540.920833334,"upper_bound":62885662.37166667},"point_estimate":62757397.75113095,"standard_error":62596.13645637595},"Median":{"confidence_interval":{"confidence_level":0.95,"lower_bound":62592139.85714286,"upper_bound":62880633.0},"point_estimate":62760959.233333334,"standard_error":71311.3002115416},"MedianAbsDev":{"confidence_interval":{"confidence_level":0.95,"lower_bound":35608.060702830924,"upper_bound":356386.14617287193},"point_estimate":187455.51758199782,"standard_error":76224.22447176396},"Slope":{"confidence_interval":{"confidence_level":0.95,"lower_bound":62555155.61416441,"upper_bound":62755810.93991447},"point_estimate":62646364.236363634,"standard_error":51199.48308952336},"StdDev":{"confidence_interval":{"confidence_level":0.95,"lower_bound":104247.97879053433,"upper_bound":281029.86931215564},"point_estimate":209076.83190389915,"standard_error":48691.365674934554}}