{"Mean":{"confidence_interval":{"confidence_level":0.95,"lower_bound":1192136.3013734568,"upper_bound":1203539.2476898145},"point_estimate":1197701.8491306582,"standard_error":2916.6268105357417},"Median":{"confidence_interval":{"confidence_level":0.95,"lower_bound":1190456.0444444444,"upper_bound":1203355.938271605},"point_estimate":1198523.0891975309,"standard_error":3680.654914155935},"MedianAbsDev":{"confidence_interval":{"confidence_level":0.95,"lower_bound":1370.0980912316222,"upper_bound":16886.171735935997},"point_estimate":10815.964341543091,"standard_error":3792.6006368037456},"Slope":{"confidence_interval":{"confidence_level":0.95,"lower_bound":1193155.505094091,"upper_bound":1202708.5710728127},"point_estimate":1198410.624001924,"standard_error":2424.444455055505},"StdDev":{"confidence_interval":{"confidence_level":0.95,"lower_bound":5020.700629233976,"upper_bound":12752.030049240713},"point_estimate":9687.554992553662,"standard_error":2009.3430515929974}}