{"Mean":{"confidence_interval":{"confidence_level":0.95,"lower_bound":1566561.245097619,"upper_bound":1588843.7439575398},"point_estimate":1577865.1452182538,"standard_error":5705.277700647303},"Median":{"confidence_interval":{"confidence_level":0.95,"lower_bound":1566318.8638888889,"upper_bound":1590329.2916666667},"point_estimate":1578515.2692857143,"standard_error":6289.038764067322},"MedianAbsDev":{"confidence_interval":{"confidence_level":0.95,"lower_bound":5138.00315878216,"upper_bound":31879.36315827807},"point_estimate":15735.78609113389,"standard_error":6955.197228609879},"Slope":{"confidence_interval":{"confidence_level":0.95,"lower_bound":1566604.5891666666,"upper_bound":1587327.030155642},"point_estimate":1575086.0044155845,"standard_error":5273.422524720782},"StdDev":{"confidence_interval":{"confidence_level":0.95,"lower_bound":9271.336826618728,"upper_bound":25050.772806322693},"point_estimate":18914.73797000011,"standard_error":4040.729183184279}}