{"Mean":{"confidence_interval":{"confidence_level":0.95,"lower_bound":61043156.02378423,"upper_bound":61221884.04965626},"point_estimate":61129797.09196428,"standard_error":45668.22165234462},"Median":{"confidence_interval":{"confidence_level":0.95,"lower_bound":60995123.475,"upper_bound":61235764.06666666},"point_estimate":61121598.36458333,"standard_error":63537.784727600105},"MedianAbsDev":{"confidence_interval":{"confidence_level":0.95,"lower_bound":24339.96731787736,"upper_bound":269034.34563369147},"point_estimate":120710.32465696335,"standard_error":60150.99986381108},"Slope":{"confidence_interval":{"confidence_level":0.95,"lower_bound":61022407.15937212,"upper_bound":61186338.302539274},"point_estimate":61115814.057142854,"standard_error":41628.67604534936},"StdDev":{"confidence_interval":{"confidence_level":0.95,"lower_bound":84211.12700621327,"upper_bound":196763.55499416593},"point_estimate":152319.70863758944,"standard_error":29628.91720398605}}