{"Mean":{"confidence_interval":{"confidence_level":0.95,"lower_bound":1142965.2673140548,"upper_bound":1175001.3459855483},"point_estimate":1159892.608974177,"standard_error":8247.809419805715},"Median":{"confidence_interval":{"confidence_level":0.95,"lower_bound":1135717.843283582,"upper_bound":1180886.3470149254},"point_estimate":1171273.747429519,"standard_error":12953.858190672678},"MedianAbsDev":{"confidence_interval":{"confidence_level":0.95,"lower_bound":1519.882173389632,"upper_bound":44871.98355709443},"point_estimate":21472.002527178927,"standard_error":11903.3201241184},"Slope":{"confidence_interval":{"confidence_level":0.95,"lower_bound":1130087.3598252393,"upper_bound":1182670.880848566},"point_estimate":1159425.441829812,"standard_error":15228.558407228977},"StdDev":{"confidence_interval":{"confidence_level":0.95,"lower_bound":14218.2887648344,"upper_bound":35096.204419944464},"point_estimate":27530.90469881949,"standard_error":5570.65995831378}}