{"Mean":{"confidence_interval":{"confidence_level":0.95,"lower_bound":1584855.5307142858,"upper_bound":1611468.9009639723},"point_estimate":1599680.6072055134,"standard_error":6855.939236302027},"Median":{"confidence_interval":{"confidence_level":0.95,"lower_bound":1592818.9473684211,"upper_bound":1616015.9097744361},"point_estimate":1601861.850877193,"standard_error":5954.902164975028},"MedianAbsDev":{"confidence_interval":{"confidence_level":0.95,"lower_bound":3945.4274225861504,"upper_bound":32518.77038899198},"point_estimate":16200.975957638298,"standard_error":7259.973472474119},"Slope":{"confidence_interval":{"confidence_level":0.95,"lower_bound":1593999.242975797,"upper_bound":1618153.996773543},"point_estimate":1604253.1663704717,"standard_error":6251.494817208393},"StdDev":{"confidence_interval":{"confidence_level":0.95,"lower_bound":8918.699666592953,"upper_bound":32714.345596137766},"point_estimate":22901.85556025769,"standard_error":7098.522679153929}}