{"Mean":{"confidence_interval":{"confidence_level":0.95,"lower_bound":400474.7496236648,"upper_bound":410307.4065145914},"point_estimate":405005.9868058773,"standard_error":2519.912161357256},"Median":{"confidence_interval":{"confidence_level":0.95,"lower_bound":400800.4563063063,"upper_bound":409856.4475675676},"point_estimate":402312.2718146718,"standard_error":2221.352226499953},"MedianAbsDev":{"confidence_interval":{"confidence_level":0.95,"lower_bound":209.37011601272175,"upper_bound":13632.024998848015},"point_estimate":2487.025678819425,"standard_error":4014.5025180730654},"Slope":{"confidence_interval":{"confidence_level":0.95,"lower_bound":402083.51423197245,"upper_bound":416044.854580852},"point_estimate":409868.2351983152,"standard_error":3575.425871719124},"StdDev":{"confidence_interval":{"confidence_level":0.95,"lower_bound":3012.1266375734676,"upper_bound":11458.184264548889},"point_estimate":8418.469101896968,"standard_error":2219.737213728414}}