{"Mean":{"confidence_interval":{"confidence_level":0.95,"lower_bound":1291568.095080288,"upper_bound":1299522.0913908035},"point_estimate":1295556.6773689552,"standard_error":2040.2011603276399},"Median":{"confidence_interval":{"confidence_level":0.95,"lower_bound":1288148.3895348837,"upper_bound":1302311.850129199},"point_estimate":1295386.7421511628,"standard_error":3556.881243075626},"MedianAbsDev":{"confidence_interval":{"confidence_level":0.95,"lower_bound":1433.2879268795443,"upper_bound":11295.571479114806},"point_estimate":10499.373152164808,"standard_error":2696.4049841877236},"Slope":{"confidence_interval":{"confidence_level":0.95,"lower_bound":1291695.8042879032,"upper_bound":1299445.046511628},"point_estimate":1295755.287526427,"standard_error":1965.968100788601},"StdDev":{"confidence_interval":{"confidence_level":0.95,"lower_bound":4329.309381461455,"upper_bound":7967.396928499497},"point_estimate":6795.482832229502,"standard_error":921.883574592277}}