{"Mean":{"confidence_interval":{"confidence_level":0.95,"lower_bound":898853.2688885073,"upper_bound":919072.214606227},"point_estimate":910461.1099175824,"standard_error":5299.366984050884},"Median":{"confidence_interval":{"confidence_level":0.95,"lower_bound":904331.5824175824,"upper_bound":919971.1098901099},"point_estimate":917038.3452380951,"standard_error":4289.234329378236},"MedianAbsDev":{"confidence_interval":{"confidence_level":0.95,"lower_bound":751.0541912815919,"upper_bound":19590.100414513872},"point_estimate":4658.237812492147,"standard_error":5264.287898441287},"Slope":{"confidence_interval":{"confidence_level":0.95,"lower_bound":914354.4181251238,"upper_bound":919667.3851375341},"point_estimate":917690.183016983,"standard_error":1373.3999752910336},"StdDev":{"confidence_interval":{"confidence_level":0.95,"lower_bound":4524.366305674139,"upper_bound":25652.22118261834},"point_estimate":17639.65010360691,"standard_error":6272.412279280396}}