{"Mean":{"confidence_interval":{"confidence_level":0.95,"lower_bound":61865563.72270834,"upper_bound":61994346.31833334},"point_estimate":61928829.03666667,"standard_error":32950.72752733449},"Median":{"confidence_interval":{"confidence_level":0.95,"lower_bound":61830116.0,"upper_bound":62018845.20833333},"point_estimate":61915417.75,"standard_error":55617.844719295324},"MedianAbsDev":{"confidence_interval":{"confidence_level":0.95,"lower_bound":28277.629297971725,"upper_bound":176980.09627298036},"point_estimate":134335.41841506958,"standard_error":42854.00260650181},"Slope":{"confidence_interval":{"confidence_level":0.95,"lower_bound":61835535.75958188,"upper_bound":61965114.228},"point_estimate":61891803.84805195,"standard_error":32978.94884879949},"StdDev":{"confidence_interval":{"confidence_level":0.95,"lower_bound":66923.24361965444,"upper_bound":131895.56680211396},"point_estimate":109957.77123789047,"standard_error":16523.675966941446}}